0,1
11,Chairpersons
11,Chief executives
11,Diplomats and foreign office officials
11,Senior public service officials
11,Chief executives and senior officials n.e.c.
11,Assembly members and Members of Parliament
11,Councillors
11,Elected officers and representatives n.e.c.
11,Production managers and directors in manufacturing
11,Production managers and directors in construction
11,Managers and directors in the extraction of fossil fuels
11,Managers and directors in the production of energy
11,Production managers and directors in mining and energy n.e.c.
11,"Bank, building society and post office managers"
11,Company secretaries and finance managers and directors
11,Investment bankers and directors
11,Financial managers and directors n.e.c.
11,Advertising and marketing directors
11,Sales directors
11,"Marketing, sales and advertising directors n.e.c."
11,Public relations and communications directors
11,Estimating managers and directors
11,Procurement and purchasing managers and directors
11,Purchasing managers and directors n.e.c.
11,Charitable organisation managers and directors
11,Employee relations managers
11,"Equality, diversity and inclusion managers"
11,Learning and development managers and directors
11,Recruitment managers and directors
11,Human resources managers and directors n.e.c.
11,Information security directors
11,Information technology operations directors
11,Information technology programme managers and directors
11,Information technology technical directors
11,Information technology directors n.e.c.
11,Accounts directors
11,Administration directors
11,Complaints and customer service directors
11,Events directors
11,Intellectual property managers and directors
11,Municipal clerks
11,Research and development (R&D) directors
11,Functional managers and directors n.e.c.
11,Supply chain directors
11,"Directors in logistics, warehousing and transport n.e.c."
11,Managers and directors in retail and wholesale
11,Army officers
11,Royal Air Force officers
11,Royal Marines officers
11,Royal Navy officers
11,Officers in armed forces n.e.c.
11,"Chief, deputy chief and assistant chief constables"
11,Chief inspectors
11,Chief superintendents
11,Senior police officers n.e.c.
11,Senior officers in ambulance services
11,Senior officers in fire services
11,Senior officers in immigration services
11,Senior officers in prison services
11,Senior officers in revenue and customs
11,Clinical governance and information managers
11,Healthcare service managers and directors
11,Health services and public health managers and directors n.e.c.
11,Social services managers and directors
12,Managers and proprietors in agriculture and horticulture
12,Cattery and kennel managers and proprietors
12,Fisheries managers and proprietors
12,Forestry managers
12,Livery yard and stud farm managers and proprietors
12,Racehorse trainers
12,"Managers and proprietors in forestry, fishing and related services n.e.c."
12,Hotel and accommodation managers and proprietors
12,Caf? and restaurant managers and proprietors
12,Catering operations managers
12,Takeaway managers and proprietors
12,Restaurant and catering establishment managers and proprietors n.e.c.
12,Publicans and managers of licensed premises
12,Cinema managers and proprietors
12,Golf course managers
12,"Gym, fitness and leisure services managers and proprietors"
12,Marina managers
12,Museum managers and proprietors
12,Parks and gardens managers
12,Theatre managers (excludes hospital service)
12,Leisure and sports managers and proprietors n.e.c.
12,Travel agency managers and proprietors
12,Dental practice managers
12,Medical practice managers
12,Opticians managers
12,Veterinary practice managers
12,Health care practice managers n.e.c.
12,Day care managers
12,Home care managers
12,Residential care managers and proprietors
12,"Residential, day and domiciliary care managers and proprietors n.e.c."
12,Early education and childcare services proprietors
12,Airport managers
12,Depot and fleet managers
12,Dispatch and distribution managers
12,Harbour and port managers
12,Road traffic managers
12,Managers in transport and distribution n.e.c.
12,Managers in storage and warehousing
12,Managers in logistics
12,Facilities managers
12,"Landlords, property and housing managers"
12,Property investors and developers
12,Sales and lettings managers
12,Shopping centre managers
12,"Property, housing and estate managers n.e.c."
12,Garage managers and proprietors
12,Beauty salon managers and proprietors
12,Hairdressing managers and proprietors
12,Hairdressing and beauty salon managers and proprietors n.e.c.
12,Landfill site managers
12,Recycling managers
12,Scrap yard managers
12,Sewage works and water treatment managers
12,Waste disposal and environmental services managers n.e.c.
12,Art gallery managers and directors
12,Film and television production managers
12,Publishing managers and directors
12,Radio production managers
12,Sport and talent agents
12,Theatre production managers
12,Managers and directors in the creative industries n.e.c.
12,Betting shop managers
12,Bingo hall managers
12,Casino managers
12,Betting shop and gambling establishment managers n.e.c.
12,Hire services managers and proprietors
12,Design consultancy directors
12,Environmental consultancy directors
12,Management consultancy directors
12,Surveying consultancy directors
12,Directors in consultancy services n.e.c.
12,Cleaning and hygiene services managers and proprietors
12,Educational establishment managers and proprietors
12,Funeral services and crematorium managers and proprietors
12,Library managers
12,Recruitment agency managers and proprietors
12,Security services managers and proprietors
12,Managers and proprietors in other services n.e.c.
21,Analytical chemists
21,Industrial chemists
21,Nuclear and radiochemists
21,Research and development chemists
21,Chemical scientists n.e.c.
21,Agricultural scientists
21,Biologists
21,Botanical and horticultural scientists
21,Microbiologists and bacteriologists
21,Pathologists
21,Pharmacologists
21,Zoological scientists
21,Biological scientists n.e.c.
21,Biochemists
21,Biomedical scientists
21,Biotechnologists
21,Clinical scientists
21,Biochemists and biomedical scientists n.e.c.
21,Geologists
21,Geophysicists
21,Hydrogeologists and hydrologists
21,Meteorologists
21,Physical scientists n.e.c.
21,Anthropologists
21,Archaeologists
21,Behavioural scientists
21,Epidemiologists
21,Genealogists
21,Geographic information systems (GIS) analysts
21,Historians
21,Political scientists
21,Public health analysts
21,Social and humanities scientists n.e.c.
21,Sports scientists
21,Natural and social science professionals n.e.c.
21,Building and building services engineers
21,Geotechnical engineers
21,Mining engineers
21,Structural engineers
21,Transportation engineers
21,Water engineers (professional)
21,Civil engineers n.e.c.
21,Automotive engineers (professional)
21,Marine engineers and naval architects
21,Mechanical design engineers
21,Mechanical engineers n.e.c.
21,Laser engineers
21,Power systems engineers
21,Railway signalling engineers
21,Electrical engineers n.e.c.
21,Broadcast engineers (professional)
21,Telecommunications engineers (professional)
21,Electronics engineers n.e.c.
21,Chemical engineers
21,Control and instrumentation engineers
21,Industrial and production engineers
21,Production and process engineers n.e.c.
21,Aeronautical engineers (professional)
21,Aircraft engineers (professional)
21,Avionics engineers
21,Aerospace engineers n.e.c.
21,Engineering project managers and project engineers
21,Acoustic engineers
21,Biomedical engineers
21,Brewers (qualified)
21,Clinical Engineers
21,Energy engineers
21,Food technologists
21,Gas engineers (professional)
21,Heating and ventilating engineers (professional)
21,Materials engineers
21,Mechatronic engineers
21,Nuclear engineers
21,Patent engineers
21,Robotics engineers
21,Traffic engineers
21,Engineering professionals n.e.c.
21,IT project managers
21,IT information managers
21,IT product managers
21,IT service delivery managers
21,IT systems managers
21,IT test managers
21,Network managers
21,Software development managers
21,Technical support managers
21,IT managers n.e.c.
21,Computer analysts and scientists
21,Data architects
21,Data engineers
21,IT systems architects
21,IT business analysts
21,IT solutions architects and designers
21,"IT business analysts, architects and systems designers n.e.c."
21,Computer games designers
21,Computer programmers
21,Software developers
21,Programmers and software development professionals n.e.c.
21,Cyber operational defence specialists
21,Cyber security management and governance specialists
21,Forensic computer specialists
21,Secure system development specialists
21,Cyber security professionals n.e.c.
21,IT quality and testing professionals
21,IT network professionals
21,DevOps engineers
21,IT consultants
21,Webmasters and website managers
21,Information technology professionals n.e.c.
21,Application designers
21,UI and UX designers and researchers
21,Web designers
21,Web design professionals n.e.c.
21,Multimedia animators
21,Graphic and multimedia designers n.e.c.
21,Conservationists
21,Ecologists
21,Heritage officers
21,Conservation professionals n.e.c.
21,Energy managers
21,Environmental and geo-environmental engineers
21,Environmental consultants
21,Environmental scientists
21,Sustainability officers
21,Environmental professionals n.e.c.
21,Laboratory managers
21,Research and development (R&D) design managers
21,Research and development (R&D) managers n.e.c.
21,"Other researchers, unspecified discipline"
22,General practitioners
22,Public health doctors
22,Generalist medical practitioners n.e.c.
22,Anaesthetists
22,Cardiologists
22,Dermatologists
22,Gastroenterologists
22,Gynaecologists and obstetricians
22,Haematologists
22,Homeopaths (medically qualified)
22,Neurologists
22,Oncologists
22,Paediatricians
22,Psychiatrists
22,Radiologists (medically qualified)
22,Rheumatologists
22,Surgeons
22,Specialist medical practitioners n.e.c.
22,Physiotherapists
22,Occupational therapists
22,Speech and language therapists
22,Cognitive behavioural therapists
22,Psychotherapists
22,Psychotherapists and cognitive behaviour therapists n.e.c.
22,Clinical psychologists
22,Counselling psychologists
22,Educational psychologists
22,Forensic psychologists
22,Health psychologists
22,Occupational psychologists
22,Research psychologists
22,Sports psychologists
22,Other psychologists n.e.c.
22,Acupuncturists
22,Art therapists
22,Chiropractors and osteopaths
22,Drama therapists
22,Music therapists
22,Nutritionists
22,Orthoptists
22,Play therapists
22,Psychological wellbeing practitioners
22,Sports therapists
22,Therapy professionals n.e.c.
22,Midwifery nurses
22,Learning disability community nurses
22,Registered community nurses n.e.c.
22,Diabetes specialist nurses
22,Intensive care nurses
22,Theatre nurses
22,Registered specialist nurses n.e.c.
22,Mental health nurse practitioners
22,Registered nurse practitioners n.e.c.
22,Registered mental health nurses
22,Neonatal nurses
22,Paediatric nurses
22,School nurses
22,Other registered nursing professionals
22,Veterinarians
22,Pharmacists
22,Optometrists
22,Dentists and dental surgeons
22,Endodontists
22,Orthodontists
22,Periodontists
22,Dental practitioners n.e.c.
22,Diagnostic radiographers and sonographers
22,Therapeutic radiographers
22,Vascular scientists
22,Medical radiographers n.e.c.
22,Paramedics
22,Podiatrists
22,Audiologists
22,Cardiac physiologists
22,Dietitians
22,Health promotion officers
22,Medical physicists and nuclear medicine scientists
22,Mental health workers
22,Occupational health advisers
22,Operating department practitioners
22,Orthotists and prosthetists
22,Respiratory physiologists
22,Sexual health advisers
22,Other health professionals n.e.c.
23,Higher education teaching professionals
23,Further education teaching professionals
23,Teachers of art
23,Teachers of biology
23,Teachers of chemistry
23,Teachers of design technology
23,Teachers of drama
23,Teachers of economics
23,Teachers of English
23,Teachers of geography
23,Teachers of history
23,Teachers of ICT and computer science
23,Teachers of mathematics
23,Teachers of modern foreign languages
23,Teachers of music
23,Teachers of physical education
23,Teachers of physics
23,Teachers of psychology
23,Teachers of religious education
23,Teachers of science
23,Teachers of sociology
23,Teachers of Welsh
23,Secondary education teaching professionals n.e.c.
23,Primary education teaching professionals
23,Nursery education teaching professionals
23,Special and additional educational needs teachers and coordinators
23,Teachers of the deaf
23,Teachers of the visually impaired
23,Special and additional needs education teaching professionals n.e.c.
23,Teachers of English as a Foreign Language
23,Adult education tutors
23,Dance and drama school principals and owners
23,Private music and singing teachers
23,Private tutors
23,Teaching professionals n.e.c.
23,Heads of further education establishments
23,Heads of higher education establishments
23,Heads of nursery schools
23,Heads of primary schools
23,Heads of secondary schools and sixth form colleges
23,Heads of special needs education schools
23,Head teachers and principals n.e.c.
23,Education managers
23,Educational advisers
23,School inspectors
23,Early education and childcare services managers
23,Bursars
23,Educational administrators
23,Examiners and markers
23,Other educational professionals n.e.c.
24,Barristers and advocates
24,Judges
24,Barristers and judges n.e.c.
24,Commercial solicitors and lawyers
24,Criminal solicitors and lawyers
24,Family solicitors and lawyers
24,Property solicitors and lawyers
24,Solicitors and lawyers n.e.c.
24,Conveyancers
24,Litigation executives
24,Paralegals
24,Patent and trademark attorneys
24,Legal professionals n.e.c.
24,Auditors (qualified accountant)
24,Financial accountants (qualified)
24,Forensic accountants
24,Fund accountants
24,Insolvency practitoners
24,Chartered and certified accountants n.e.c.
24,Credit analysts
24,Financial advisers and planners
24,Financial analysts
24,Mortgage advisers
24,Finance and investment analysts and advisers n.e.c.
24,Taxation experts
24,Business analysts and consultants
24,Management advisers and consultants
24,Risk analysts
24,Management consultants and business analysts n.e.c.
24,Commercial managers
24,Marketing managers
24,Marketing and commercial managers n.e.c.
24,Actuaries and actuarial analysts
24,Economists
24,Mathematicians
24,Statistical data scientists
24,Statisticians
24,"Actuaries, economists and statisticians n.e.c."
24,Intelligence analysts
24,Researchers in media and entertainment
24,Business and related research professionals n.e.c.
24,Professional/chartered company secretaries
24,Policy officers
24,"Business, research and administrative professionals n.e.c."
24,Business change managers
24,Clinical trials coordinators
24,Risk managers
24,Business and financial project management professionals n.e.c.
24,Architects
24,Landscape architects and designers
24,Chartered architectural technologists
24,Town planning officers
24,Urban designers
24,"Chartered architectural technologists, planning officers and consultants n.e.c."
24,Quantity surveyors
24,Building control surveyors
24,Hydrographic surveyors
24,Land surveyors
24,Property surveyors
24,Chartered surveyors n.e.c.
24,Construction project and contract managers
24,Transport planners
24,Construction project managers and related professionals n.e.c.
24,Adult social workers
24,"Children, family and school social workers"
24,Criminal justice social workers
24,Mental health and healthcare social workers
24,Social workers n.e.c.
24,Probation officers
24,Clergy
24,Youth work professionals
24,Adoption officers
24,Children and family services professionals
24,Mediators and restorative practice professionals
24,Welfare professionals n.e.c.
24,Librarians
24,Archivists
24,Collection managers and curators
24,Conservators
24,Museum education officers
24,"Archivists, conservators and curators n.e.c."
24,Garment technologists
24,Planning engineers
24,Quality control engineers
24,Quality control and planning engineers n.e.c.
24,Compliance and regulatory professionals
24,Quality assurance professionals
24,Environmental health professionals
24,"Newspaper, periodical and broadcast editors"
24,Broadcast journalists
24,Newspaper journalists and reporters
24,Newspaper and periodical broadcast journalists and reporters n.e.c.
24,Press officers
24,Public relations officers
24,Social media managers
24,Public relations professionals n.e.c.
24,Advertising account managers
24,Creative directors
24,Fundraising managers
31,Biological laboratory technicians
31,Chemical laboratory technicians
31,Health physics monitors
31,Laboratory food technicians
31,Medical laboratory technicians
31,Laboratory technicians n.e.c.
31,Avionics technicians
31,Electrical and electronics technicians n.e.c.
31,Aerospace technicians
31,Wind turbine technicians
31,Engineering technicians n.e.c.
31,Building technicians
31,Civil engineering technicians
31,Surveying technicians
31,Building and civil engineering technicians n.e.c.
31,Quality assurance technicians
31,"Planning, process and production technicians"
31,School technicians
31,Textile consultants
31,"Science, engineering and production technicians n.e.c."
31,Architectural technicians
31,BIM and CAD technicians
31,Cartographers
31,"CAD, drawing and architectural technicians n.e.c."
31,Games testers
31,Network and systems administrators
31,Quality assurance testers
31,Software technicians
31,IT operations technicians n.e.c.
31,IT user support technicians
31,Database administrators
31,Web content technicians
31,Database administrators and web content technicians n.e.c.
32,Dispensing opticians
32,Pharmaceutical technicians
32,Cardiac technicians
32,Dental hygienists
32,Dental technicians
32,Hearing aid dispensers
32,Hearing screeners
32,Nursing associates
32,Orthotic and prosthetic technicians
32,Medical and dental technicians n.e.c.
32,Alexander technique teachers
32,Aromatherapists
32,Homeopaths (excludes medically qualified)
32,Hospital play specialists
32,Hypnotherapists
32,Massage therapists
32,Reflexologists
32,Reiki healers
32,Complementary health associate professionals n.e.c.
32,Antenatal teachers
32,Dietetic assistants
32,Equine dentists
32,Foot health practitioners (excludes podiatrists)
32,Health trainers
32,Home economists
32,Health associate professionals n.e.c.
32,Community workers
32,Family support workers
32,Youth workers (excludes youth work professionals)
32,Youth and community workers n.e.c.
32,Child protection officers
32,Learning and behaviour mentors
32,Welfare and attendance officers
32,Child and early years officers n.e.c.
32,Housing officers
32,Bereavement counsellors
32,Debt advisers
32,Life coaches
32,Relationship counsellors
32,Substance misuse workers
32,Counsellors n.e.c.
32,Advocates (excludes solicitor advocates)
32,Celebrants
32,Charity workers
32,Day care officers
32,Health advisers
32,Homelessness officers and support workers
32,Mental health project workers
32,Probation service workers
32,Student support workers
32,Victim support workers
32,Welfare and housing associate professionals n.e.c.
32,Higher level teaching assistants
32,Early education and childcare practitioners
32,Veterinary nurses
33,Non-commissioned Army officers and others ranks
33,Non-commissioned Royal Air Force officers and other ranks
33,Non-commissioned Royal Navy officers and other ranks
33,Royal Marines Commandos
33,Non-commissioned officers and other ranks n.e.c.
33,Police constable
33,Police sergeant
33,Police officers (sergeant and below) n.e.c.
33,Firefighters
33,Fire service crew managers
33,Watch managers
33,Fire service officers (watch manager and below) n.e.c.
33,Operational support grades
33,Prison officers
33,Prison service officers (below principal officer) n.e.c.
33,Coastguard
33,Customs and border control officers
33,Fraud investigators (excludes benefit fraud)
33,Immigration officers
33,Private investigators
33,Security consultants and managers (excludes cyber security)
33,Protective service associate professionals n.e.c.
34,Art technicians (excludes education)
34,Drawing and painting artists
34,Hand drawn animators
34,Illustrators (excludes medical and scientific)
34,Medical and scientific illustrators
34,Picture restorers
34,Sculptors
34,Tattoo and henna artists
34,Artists n.e.c.
34,Authors
34,Bloggers
34,Copywriters
34,Literary editors
34,Poets
34,Script writers
34,Technical writers (excludes computing)
34,Translators and interpreters
34,"Authors, writers and translators n.e.c."
34,Actors
34,"Broadcasters, podcasters and presenters"
34,Children's entertainers
34,Comedians
34,Disc jockeys
34,Magicians
34,Models
34,Singers
34,Social media influencers
34,"Actors, entertainers and presenters n.e.c."
34,Choreographers
34,Dance teachers (excludes educational establishments)
34,Dancers
34,Composers and musical arrangers
34,Music conductors
34,Instrumentalists
34,Musicians n.e.c.
34,Art consultants
34,Broadcasting and entertainment directors
34,Broadcasting and entertainment editors
34,Broadcasting and entertainment producers
34,Studio and stage managers
34,"Arts officers, producers and directors n.e.c."
34,Camera operators and videographers
34,Lighting designers
34,Photographers
34,Sound designers
34,Sound engineers
34,Theatre technicians (excludes hospitals)
34,"Photographers, audio-visual and broadcasting equipment operators n.e.c."
34,Interior designers
34,Clothing and fashion consultants
34,Clothing and fashion designers
34,Footwear designers
34,Jewellery designers
34,Textile designers
34,"Clothing, fashion and accessories designers n.e.c."
34,Industrial and product designers
34,Packaging designers
34,Performance make-up artists
34,Set designers
34,Visual merchandising managers and designers
34,Design occupations n.e.c.
34,Sports players
34,Basketball coaches
34,Cricket coaches
34,Football coaches
34,Forest school practitioners
34,Golf coaches
34,Gymnastics coaches
34,Horse riding instructors
34,Martial arts instructors
34,Outdoor pursuits instructors
34,"Referees, umpires and other sports officials"
34,Rugby coaches
34,Sailing instructors
34,Ski instructors
34,Sports development officers
34,Swimming coaches
34,Tennis coaches
34,"Sports coaches, instructors and officials n.e.c."
34,Group fitness instructors and personal trainers
34,Pilates teachers
34,Yoga teachers
34,Fitness and wellbeing instructors n.e.c.
35,Airline pilots
35,Air traffic controllers
35,Flying instructors
35,Helicopter pilots
35,Aircraft pilots and air traffic controllers n.e.c.
35,Ship and hovercraft captains and deck officers (excludes armed forces and fishing)
35,Marine engineers
35,Ship and hovercraft officers n.e.c.
35,Conveyancing professionals
35,Cost lawyers
35,Barrister's and judge's clerks
35,Litigation officers
35,Probate managers
35,Will writers
35,Legal associate professionals n.e.c.
35,Commodity brokers and traders
35,Insurance and mortgage brokers
35,Shipbrokers
35,Stockbrokers
35,Brokers n.e.c.
35,Insurance underwriters
35,Accounting technicians
35,Financial control technicians
35,Financial and accounting technicians n.e.c.
35,Claims managers
35,Credit managers
35,Investment managers
35,Relationship managers
35,Financial accounts managers n.e.c.
35,Energy advisers and assessors
35,Estimators
35,Loss adjusters
35,Valuers
35,Vehicle damage assessors
35,"Estimators, valuers and assessors n.e.c."
35,Importers and exporters
35,Project support officers
35,Data analysts
35,Business support officers
35,Business systems analysts
35,Contract administrators
35,Clinical coders
35,Clinical trials administrators
35,Research coordinators
35,Business associate professionals n.e.c.
35,Buyers and procurement officers
35,Business sales executives
35,Merchandisers
35,Advertising and marketing executives
35,Fundraisers
35,Market researchers (excludes interviewers)
35,Advertising and marketing associate professionals n.e.c.
35,Estate agents
35,Land and property auctioneers and valuers
35,Letting agents
35,Estate agents and auctioneers n.e.c
35,Brand managers
35,Business development managers
35,Sales account managers
35,Sales accounts and business development managers n.e.c.
35,Conference managers and organisers
35,Exhibition managers and organisers
35,Festival managers and organisers
35,Hospitality managers
35,Wedding planners and organisers
35,Event managers and organisers n.e.c.
35,Electoral services officers
35,Health service administrators
35,Job Centre officers
35,Waste management officers
35,Public services associate professionals n.e.c.
35,Equality and diversity officers
35,Human resources advisers
35,Recruitment consultants
35,Human resources and industrial relations officers n.e.c.
35,Careers advisers and coaches
35,Work placement officers
35,Careers advisers and vocational guidance specialists n.e.c.
35,Information technology trainers
35,Business coaches
35,Retail and store trainers
35,Training assessors
35,Other vocational and industrial trainers n.e.c.
35,Animal health inspectors and officers
35,Building control officers
35,Driving examiners
35,Health and safety inspectors
35,Housing and planning inspectors
35,Licensing officers
35,Meat hygiene inspectors
35,Nuclear safety inspectors
35,Trading standards officers
35,Traffic and vehicle examiners and inspectors
35,Inspectors of standards and regulations n.e.c.
35,Asbestos safety officers
35,Fire safety managers and officers
35,Occupational health and safety managers and officers
35,Road traffic and transport safety officers
35,Occupational hygienists
35,Health and safety managers and officers n.e.c.
41,National government benefits officers
41,National government revenue officers
41,Passport officers
41,National government administrative occupations n.e.c.
41,Local government benefits officers
41,Local government housing assistants
41,Local government revenue officers
41,Parish clerks
41,Local government administrative occupations n.e.c.
41,Charity administrators
41,Clerks to governors
41,Union officials
41,Officers of non-governmental organisations n.e.c.
41,Credit controllers
41,Accounting clerks and bookkeepers
41,Payroll officers and wages clerks
41,"Bookkeepers, payroll managers and wage clerks n.e.c."
41,Bank and building society clerks
41,Post office clerks
41,Bank and post office clerks n.e.c.
41,Finance officers
41,Box office assistants
41,Grants officers
41,Mortgage administrators
41,Revenue assistants (excludes National and Local government revenue occupations)
41,Treasury assistants
41,Finance administrative occupations n.e.c.
41,Admissions officers
41,Court officers
41,Enumerators
41,Examinations officers
41,Indexers (excludes bookbinding)
41,Medical administrators and appointment clerks
41,Purchasing administrators
41,Records clerks and assistants n.e.c.
41,Claims handlers
41,Insurance administrators
41,Pensions administrators
41,Pensions and insurance clerks and assistants n.e.c.
41,Stock control clerks and assistants
41,Transport and distribution clerks and assistants
41,Library clerks and assistants
41,Recruitment administrators
41,Training administrators
41,Human resources administrative occupations n.e.c.
41,Office managers
41,Office supervisors
41,Call centre managers
41,Customer service managers n.e.c.
41,Sales administrators
41,Data entry administrators
41,Business administrators
41,Church administrators
41,Facilities coordinators
41,Proofreaders
41,Property administrators
41,Warranty administrators
41,Other administrative occupations n.e.c.
42,Medical secretaries
42,Legal secretaries
42,School secretaries
42,Company secretaries and administrators
42,Farm secretaries
42,Personal assistants (excludes care workers)
42,Personal assistants and other secretaries n.e.c.
42,Receptionists
42,Stenographers
42,Transcribers
42,Typists
42,Typists and related keyboard occupations n.e.c.
51,Agricultural contractors
51,Aquaculture farmers
51,Arable farmers
51,Dairy farmers
51,Livestock farmers
51,Poultry farmers
51,Farmers n.e.c.
51,Horticultural trades
51,Garden designers
51,Gardeners (excludes horticultural/market gardening)
51,Green roof installers
51,Landscape gardeners
51,Gardeners and landscape gardeners n.e.c.
51,Groundsmen and greenkeepers
51,Arborists
51,Beekeepers
51,Countryside and park officers and rangers
51,Falconers
51,Fish and river keepers
51,Fishers
51,Gamekeepers
51,Agricultural and fishing trades n.e.c.
52,Metal fabricators and finishers
52,Panel beaters (excludes vehicles)
52,Whitesmiths
52,Sheet metal workers n.e.c.
52,Die casters
52,Farriers
52,"Moulders, mould makers and core makers"
52,Smiths
52,"Metal plate workers, smiths, moulders and related occupations n.e.c."
52,Braziers and solderers
52,Pipe welders
52,Plate welders
52,Welding trades n.e.c.
52,Pipe fitters
52,Computer numerical control (CNC) machine setters and setter-operators
52,Metal machining setters and setter-operators n.e.c.
52,Tool fitters
52,Tool makers
52,"Tool makers, tool fitters and markers-out n.e.c."
52,Automation maintenance technicians
52,Bicycle mechanics
52,Catering equipment technicians
52,Door fitters and makers
52,Gunsmiths
52,Heavy plant maintenance technicians
52,Hydraulic technicians
52,Lift technicians
52,Locksmiths
52,Pump technicians
52,Textile machine technicians
52,Turbine fitters
52,Metal working production and maintenance fitters n.e.c.
52,Calibration and precision instrument technicians
52,Camera and photographic equipment technicians
52,"Horologists, watch makers and repairers"
52,Optical technicians
52,Precision instrument makers and repairers n.e.c.
52,Air-conditioning and refrigeration installers and repairers
52,Auto electricians
52,Car/light vehicle technicians
52,Heavy and large vehicle technicians
52,Motorcycle technicians
52,Motorsport technicians
52,MOT testers
52,Roadside assistance technicians
52,"Vehicle technicians, mechanics and electricians n.e.c."
52,Vehicle body builders and repairers
52,Vehicle paint technicians
52,Aircraft maintenance and related trades
52,Boat and ship builders and repairers
52,Rail and rolling stock builders and repairers
52,Electric vehicle charging point installers
52,Electro-mechanical technicians
52,Installation and maintenance electricians
52,Smart energy experts
52,Solar panel installers
52,Street lighting electrician
52,Electricians and electrical fitters n.e.c.
52,Telecoms and related network installers and repairers
52,"TV, video and audio servicers and repairers"
52,Computer system and equipment installers and servicers
52,Security system installers and repairers
52,Electrical service and maintenance mechanics and repairers
52,Broadcast and communications technicians
52,Overhead line workers
52,Signal workers
52,Electrical and electronic trades n.e.c.
52,"Skilled metal, electrical and electronic trades supervisors"
53,Steel erectors
53,Dry stone wallers
53,Monumental masons
53,Stonemasons
53,Stonemasons and related trades n.e.c.
53,Bricklayers
53,Felt and flat roofers
53,Sheeters and cladders
53,Thatchers
53,Tilers and slaters
53,"Roofers, roof tilers and slaters n.e.c."
53,Plumbers and heating and ventilation installers and repairers
53,Bedroom and kitchen fitters
53,Carpenters
53,Joiners
53,Carpenters and joiners n.e.c.
53,Glass cutters and glaziers
53,Window fabricators
53,Window fitters
53,"Glaziers, window fabricators and fitters n.e.c."
53,Builders
53,Divers
53,Fence erectors
53,Industrial climbers
53,Remotely Operated Vehicle (ROV) operators
53,Steel fixers and underpinners
53,Construction and building trades n.e.c.
53,Dry liners
53,Plasterers (wall and decorative)
53,Carpet and linoleum fitters
53,Floor layers
53,Tilers
53,Floorers and wall tilers n.e.c.
53,Painters and decorators
53,Carpenter and joinery supervisors
53,Demolition supervisors
53,Painting supervisors
53,Plumbing supervisors
53,Road construction supervisors
53,Roofing supervisors
53,Scaffolding supervisors
53,Construction and building trade supervisors n.e.c.
54,Curtain makers
54,Trimmers and upholsterers
54,Upholsterers n.e.c.
54,Footwear makers and repairers
54,Leather workers (excludes leather dressing)
54,Footwear and leather working trades n.e.c.
54,Costume makers
54,Dressmakers
54,Fitters and alterations assistants
54,Kilt makers
54,"Milliners (excludes wholesale, retail trade)"
54,Tailors
54,Tailors and dressmakers n.e.c.
54,Embroiderers and sewers
54,Knitters
54,Sail makers
54,"Weavers (excludes basket, wig and wire goods mfr)"
54,"Textiles, garments and related trades n.e.c."
54,Pre-press technicians
54,Digital printers
54,Flexographic printers
54,Lithographic printers
54,Screen printers
54,Printers n.e.c.
54,Print finishing and binding workers
54,Butchers
54,Slaughterers
54,Bakers (excludes food process bakery workers and textile manufacturing)
54,Cake decorators and designers
54,Bakers and flour confectioners n.e.c.
54,Fishmongers
54,Poultry dressers
54,Fishmongers and poultry dressers n.e.c.
54,Chefs
54,Cooks
54,Catering and bar managers
54,"Ceramic makers, decorators and finishers"
54,Ceramic potters
54,Glass blowers
54,"Glass makers, decorators and finishers"
54,Optical glass makers
54,"Glass and ceramics makers, decorators and finishers n.e.c."
54,Cabinet makers (excludes metal)
54,Furniture makers and fitters
54,Furniture restorers
54,Furniture sprayers and finishers
54,Picture framers
54,Shed makers
54,Furniture makers and other craft woodworkers n.e.c.
54,Florists
54,Basket makers (excludes wire goods mfr)
54,Candle makers
54,"Goldsmiths, silversmiths, jewellers and precious stone workers"
54,Hairpiece and wig makers
54,Metal engravers
54,Craft model makers
54,"Musical instrument repairers, makers and tuners"
54,Sign makers and writers
54,Toy makers and repairers
54,Other skilled trades n.e.c.
61,Early education and childcare assistants
61,Cover supervisors
61,School teaching assistants
61,Teaching assistants n.e.c.
61,Behaviour support assistants
61,Communication support assistants
61,Learning support assistants
61,Educational support assistants n.e.c.
61,Childminders
61,Au pairs
61,Nannies
61,Playworkers
61,Fumigators
61,Mole catchers
61,Rodent control officers
61,Pest control officers n.e.c.
61,Animal boarding assistants
61,Animal breeders
61,Animal groomers
61,Animal trainers (excludes performing animals)
61,Animal walkers
61,Animal welfare workers
61,Stable workers
61,Veterinary assistants
61,Zookeepers
61,Animal care services occupations n.e.c.
61,Blood donor carers and phlebotomists
61,First aid trainers
61,Maternity care assistants
61,Occupational therapy assistants
61,Physiotherapy assistants
61,Radiography assistants
61,Speech and language therapy assistants
61,Sterile services assistants
61,Theatre assistants (excludes entertainment)
61,Nursing auxiliaries and assistants n.e.c.
61,Ambulance staff (excluding paramedics)
61,Dental nurses
61,Foster carers
61,Residential childcare practitioners
61,School matrons and houseparents
61,Residential housing wardens
61,Houseparents and residential wardens n.e.c.
61,Community support workers
61,Home care workers
61,Residential care workers
61,Care workers and home carers n.e.c.
61,Senior community support workers
61,Senior home care workers
61,Senior residential care workers
61,Senior care workers n.e.c.
61,Care escorts
61,Crematorium assistants
61,Driver-bearers
61,Embalmers
61,Funeral directors and undertakers
61,Taxidermists
61,"Undertakers, mortuary and crematorium assistants n.e.c."
62,Bookmakers
62,Croupiers
62,Film and television runners
62,Leisure and recreation assistants
62,Lifeguards
62,Museum and heritage assistants
62,Sports and leisure assistants n.e.c.
62,Travel agents
62,Flight attendants
62,Passenger services assistants
62,Air travel assistants n.e.c.
62,Railway station assistants
62,Revenue protection officers
62,Train conductors and guards
62,Rail travel assistants n.e.c.
62,Holiday representatives
62,Ship stewards (excludes catering)
62,Tour guides
62,Tourist information assistants
62,Leisure and travel service occupations n.e.c.
62,Barbers
62,Hairdressers
62,Hairdressers and barbers n.e.c.
62,Body piercers
62,Make-up artists (excludes performance make-up)
62,Nail technicians
62,Weight loss advisers
62,Beauticians and related occupations n.e.c.
62,Housekeepers and related occupations
62,Caretakers
62,Cleaning and housekeeping managers and supervisors
62,Bed and breakfast and guest house owners and proprietors
63,Police community support officers
63,Car park attendants
63,Civil enforcement officers
63,Neighbourhood wardens
63,Parking and civil enforcement occupations n.e.c.
71,Sales and retail assistants
71,Retail cashiers and check-out operators
71,Telephone salespersons
71,Optical dispensing assistants
71,Pharmacy dispensing assistants
71,Pharmacy and optical dispensing assistants n.e.c.
71,Vehicle parts advisers
71,Vehicle sales executives
71,Collector salespersons and credit agents
71,Bailiffs
71,Debt collectors
71,Meter readers
71,Pawn brokers
71,Vending machine operators
71,"Debt, rent and other cash collectors n.e.c."
71,Roundspersons and van salespersons
71,Market and street traders and assistants
71,Fashion stylists
71,Visual merchandisers and window dressers
71,Visual merchandisers and related occupations n.e.c.
71,Demonstrators and product promoters
71,Hire desk controllers
71,Sales energy consultants
71,Sales related occupations n.e.c.
71,Antique dealers
71,Art dealers
71,Car traders
71,Newsagents
71,Retail jewellers
71,Wholesalers
71,Wine merchants
71,Shopkeepers and owners - retail and wholesale n.e.c.
71,Sales supervisors - retail and wholesale
72,Call and contact centre occupations
72,Telephonists
72,Air traffic control assistants
72,Emergency services call handlers
72,Taxi controllers
72,Communication operators n.e.c.
72,Field and telephone interviewers
72,Mystery shoppers
72,Political canvassers
72,Traffic enumerators
72,Student ambassadors
72,Customer service occupations n.e.c.
72,Customer service supervisors
81,Brewery and distillery workers
81,Dairy workers
81,Food process bakery workers
81,Tobacco workers
81,"Food, drink and tobacco process operatives n.e.c."
81,Textile process operatives
81,Chemical and related process operatives
81,Plastic fabricators
81,Plastics process operatives n.e.c.
81,Galvanisers and platers
81,Metal sprayers and powder coaters
81,Metal making and treating process operatives n.e.c.
81,Ceramic workers
81,Concrete operatives (concrete production)
81,Glass workers (excludes agriculture)
81,Rubber workers
81,Process operatives n.e.c.
81,Press and stamp operators
81,Metal working machine operatives n.e.c.
81,Paper and wood machine operatives
81,Coal miners and quarry workers
81,Offshore drilling workers
81,Mining and quarry workers and related operatives n.e.c.
81,Boiler operatives
81,Compressor operatives
81,Nuclear decommissioning operatives
81,Energy plant operatives n.e.c.
81,Water and sewerage distribution operatives
81,Water treatment operatives
81,Water and sewerage plant operatives n.e.c.
81,Printing machine assistants
81,Aerial installers
81,Cable operatives
81,Laser operators
81,Spring makers
81,Plant and machine breakers and dismantlers
81,Plant and machine operatives n.e.c.
81,Assemblers (electrical and electronic products)
81,Metal goods assemblers (excludes vehicles)
81,Vehicle and vehicle part assemblers
81,Assemblers (vehicles and metal goods) n.e.c.
81,Routine inspectors and testers
81,"Weighers, graders and sorters"
81,Tyre technicians
81,Windscreen fitters
81,"Tyre, exhaust and windscreen fitters n.e.c."
81,Sewing machinists
81,Assemblers and routine operatives n.e.c.
81,Engineering construction riggers
81,Scaffolders and stagers
81,"Scaffolders, stagers and riggers n.e.c."
81,Road construction operatives
81,Rail construction and maintenance operatives
81,Asbestos removers
81,Blind fitters
81,Building maintenance operatives
81,Cable layers
81,Ceiling fitters
81,Demolition operatives
81,Drainage operatives
81,Insulation engineers
81,Pipe layers (excludes pipe fitters)
81,Sign fitters (excludes electrical fitters)
81,Construction operatives n.e.c.
81,"Production, factory and assembly supervisors"
82,Heavy and large goods vehicle drivers
82,Bus and coach drivers
82,Taxi and cab drivers and chauffeurs
82,Bicycle and motorcycle couriers
82,Delivery drivers and couriers n.e.c.
82,Cycling instructors
82,Forklift instructors
82,Heavy and large vehicle driving instructors
82,Motorcycle instructors
82,Passenger carrying vehicle (PCV) and car driving instructors
82,Driving instructors n.e.c.
82,Road transport drivers n.e.c.
82,Crane drivers
82,Fork-lift truck drivers
82,Agricultural machinery operators
82,Mobile machine drivers and operatives n.e.c.
82,Train and tram drivers
82,Marine and waterways transport operatives
82,Aircraft refuellers
82,Baggage handlers and ramp agents
82,Air transport operatives n.e.c.
82,Level crossing attendants
82,Railway controllers and signallers
82,Shunters (excludes passenger road transport)
82,Rail transport operatives n.e.c.
82,Other drivers and transport operatives n.e.c.
91,Farm labourers
91,Forest workers
91,Park wardens
91,Forestry and related workers n.e.c.
91,Cutters and pickers
91,Fisheries and aquaculture labourers
91,Garden and park labourers
91,Milkers
91,Sheep shearers
91,Fishing and other elementary agriculture occupations n.e.c.
91,Groundworkers
91,Builder's labourers
91,Carpenter and joiner assistants
91,Construction electrician's assistants
91,Grave diggers
91,Insulation labourers
91,Marquee erectors
91,Plumber's assistants
91,Elementary construction occupations n.e.c.
91,Industrial cleaning process occupations
91,"Packers, bottlers, canners and fillers"
91,Elementary process plant occupations n.e.c.
92,Postal delivery workers
92,Mail sorters
92,"Postal workers, mail sorters and messengers n.e.c."
92,Reprographics assistants
92,Elementary administration occupations n.e.c.
92,Window cleaners
92,Street cleaners
92,Commercial cleaners
92,Private house cleaners
92,Cleaners and domestics n.e.c.
92,Carpet cleaners
92,Dry cleaners and laundry workers
92,Ironers and pressers
92,"Launderers, dry cleaners and pressers n.e.c."
92,Recycling operatives
92,Refuse collectors
92,Refuse and salvage occupations n.e.c.
92,Vehicle valeters and cleaners
92,Bin cleaners
92,Chimney sweepers
92,Drain cleaners
92,Toilet attendants
92,Elementary cleaning occupations n.e.c.
92,CCTV operators (excludes drain surveying)
92,Court ushers
92,Detention officers
92,Door supervisors
92,Security guards and related occupations n.e.c.
92,School midday and crossing patrol occupations
92,Exam invigilators
92,Shelf fillers
92,Retail order pickers
92,Trolley collectors
92,Elementary sales occupations n.e.c.
92,Elementary storage supervisors
92,Warehouse operatives
92,Delivery operatives
92,"Dockers, slingers and stevedores"
92,Elementary storage occupations n.e.c.
92,Bar and catering supervisors
92,Hospital porters
92,Kitchen and catering assistants
92,Waiters and waitresses
92,Bar staff
92,Coffee shop workers
92,Arcade attendants
92,Cinema and theatre attendants
92,Event stewards
92,Gallery and museum attendants
92,Ride attendants
92,Leisure and theme park attendants n.e.c.
92,Bingo callers and assistants
92,"Clairvoyants, mediums and astrologers"
92,Stagehands
92,Turnstile operators
92,Other elementary service occupations n.e.c.
